Name,File_Size,Encoded_File_Size,Encoding_Time,Compression_Proportion,Diversity_of_alphabets,Decoding_Time
test1.txt,25292,17787,0.008738994598388672,70.3265854815752,84,0.0792229175567627
test2.txt,54688,33452,0.017344951629638672,61.16881217086016,82,0.2492218017578125
test3.txt,159804,92698,0.04848909378051758,58.007308953468,88,2.365877628326416
test4.txt,627813,335088,0.17477035522460938,53.37385495362472,84,64.04782271385193
