Name,File_Size,Encoded_File_Size,Encoding_Time,Compression_Proportion,Diversity_of_alphabets,Decoding_Time
test1.txt,25292,17787,0.009064674377441406,70.3265854815752,84,0.08075332641601562
test2.txt,54688,33452,0.018308401107788086,61.16881217086016,82,0.24444985389709473
test3.txt,159804,92698,0.05013608932495117,58.007308953468,88,3.3466596603393555
test4.txt,627813,335088,0.18122267723083496,53.37385495362472,84,64.3100745677948
test5.txt,1247456,690260,0.37445497512817383,55.333414565323345,91,293.0797221660614
