Name,File_Size,Optimized_Encoded_File_Size,Optimized_Encoding_Time,Optimized_Compression_Proportion,Diversity_of_alphabets,Optimized_Decoding_Time
test1.txt,25292,17747,0.008312702178955078,70.168432705994,132,0.06916236877441406
test2.txt,54688,32132,0.015683889389038086,58.755119953188995,130,0.21506905555725098
test3.txt,159804,92874,0.046411991119384766,58.1174438687392,283,2.5595057010650635
test4.txt,627813,309694,0.1619246006011963,49.32901994702244,282,54.07066345214844
